3a99d6,10.9.0.170,GET,http://ec-cube.himuka.ne.jp/ec922501/index.php/shopping/nonmember,1729700699,,302
ee90be,10.9.0.170,GET,http://ec-cube.himuka.ne.jp/ec922501/index.php/start,1729700700,,302
98b04e,10.9.0.170,GET,http://ec-cube.himuka.ne.jp/ec922501/index.php/block/search_product,1729700701,3b142a,200
17c2e9,10.9.0.170,GET,http://ec-cube.himuka.ne.jp/ec922501/index.php/block/select_saiji,1729700701,3b142a,200
6c69e7,10.9.0.170,GET,http://ec-cube.himuka.ne.jp/ec922501/index.php/block/select_tenpo,1729700701,3b142a,200
e1a85e,10.9.0.170,GET,http://ec-cube.himuka.ne.jp/ec922501/index.php/block/search_product,1729700701,3b142a,200
3b142a,10.9.0.170,GET,http://ec-cube.himuka.ne.jp/ec922501/index.php/start/list_saiji,1729700701,,200
6b6c07,10.9.0.170,GET,http://ec-cube.himuka.ne.jp/ec922501/index.php/start/choice_saiji?saiji_id=48,1729700707,,302
ff9ffe,10.9.0.170,GET,http://ec-cube.himuka.ne.jp/ec922501/index.php/block/search_product,1729700708,e7e241,200
925e23,10.9.0.170,GET,http://ec-cube.himuka.ne.jp/ec922501/index.php/block/select_saiji,1729700708,e7e241,200
7c6420,10.9.0.170,GET,http://ec-cube.himuka.ne.jp/ec922501/index.php/block/select_tenpo,1729700708,e7e241,200
edf92d,10.9.0.170,GET,http://ec-cube.himuka.ne.jp/ec922501/index.php/block/search_product,1729700708,e7e241,200
e7e241,10.9.0.170,GET,http://ec-cube.himuka.ne.jp/ec922501/index.php/start/list_tenpo,1729700708,,200
06cc91,10.9.0.170,GET,http://ec-cube.himuka.ne.jp/ec922501/index.php/start/choice_tenpo?tenpo_id=13,1729700709,,302
0b8b36,10.9.0.170,GET,http://ec-cube.himuka.ne.jp/ec922501/index.php/block/search_product,1729700710,460c46,200
e64724,10.9.0.170,GET,http://ec-cube.himuka.ne.jp/ec922501/index.php/block/select_saiji,1729700710,460c46,200
ea48d3,10.9.0.170,GET,http://ec-cube.himuka.ne.jp/ec922501/index.php/block/select_tenpo,1729700710,460c46,200
65bc54,10.9.0.170,GET,http://ec-cube.himuka.ne.jp/ec922501/index.php/block/search_product,1729700710,460c46,200
460c46,10.9.0.170,GET,http://ec-cube.himuka.ne.jp/ec922501/index.php/products/list,1729700710,,200
2ac8ec,10.9.0.170,POST,http://ec-cube.himuka.ne.jp/ec922501/index.php/products/add_cart/780,1729700712,,200
2a219f,10.9.0.170,GET,http://ec-cube.himuka.ne.jp/ec922501/index.php/block/cart,1729700712,,200
c3594e,10.9.0.170,GET,http://ec-cube.himuka.ne.jp/ec922501/index.php/block/search_product,1729700713,1dcdb3,200
7ab987,10.9.0.170,GET,http://ec-cube.himuka.ne.jp/ec922501/index.php/block/select_saiji,1729700713,1dcdb3,200
1801a0,10.9.0.170,GET,http://ec-cube.himuka.ne.jp/ec922501/index.php/block/select_tenpo,1729700713,1dcdb3,200
2d2a02,10.9.0.170,GET,http://ec-cube.himuka.ne.jp/ec922501/index.php/block/search_product,1729700714,1dcdb3,200
1dcdb3,10.9.0.170,GET,http://ec-cube.himuka.ne.jp/ec922501/index.php/cart,1729700714,,200
cf93d5,10.9.0.170,GET,http://ec-cube.himuka.ne.jp/ec922501/index.php/cart/buystep/TdKTZLuBFZDGJlx76yH4dJNUlWPPEzig_1,1729700715,,302
781179,10.9.0.170,GET,http://ec-cube.himuka.ne.jp/ec922501/index.php/shopping,1729700716,,302
b38f97,10.9.0.170,GET,http://ec-cube.himuka.ne.jp/ec922501/index.php/block/search_product,1729700716,a759d4,200
9ecbb0,10.9.0.170,GET,http://ec-cube.himuka.ne.jp/ec922501/index.php/block/select_saiji,1729700716,a759d4,200
7de53f,10.9.0.170,GET,http://ec-cube.himuka.ne.jp/ec922501/index.php/block/select_tenpo,1729700716,a759d4,200
c05d7a,10.9.0.170,GET,http://ec-cube.himuka.ne.jp/ec922501/index.php/shopping/nonmember,1729700717,a759d4,200
a759d4,10.9.0.170,GET,http://ec-cube.himuka.ne.jp/ec922501/index.php/shopping/nonmember,1729700717,,500
e343f4,10.9.0.170,GET,http://ec-cube.himuka.ne.jp/ec922501/index.php/block/search_product,1729700951,2ce143,200
1ed648,10.9.0.170,GET,http://ec-cube.himuka.ne.jp/ec922501/index.php/block/select_saiji,1729700951,2ce143,200
21a067,10.9.0.170,GET,http://ec-cube.himuka.ne.jp/ec922501/index.php/block/select_tenpo,1729700951,2ce143,200
02a0b7,10.9.0.170,GET,http://ec-cube.himuka.ne.jp/ec922501/index.php/block/search_product,1729700951,2ce143,200
2ce143,10.9.0.170,GET,http://ec-cube.himuka.ne.jp/ec922501/index.php/cart,1729700951,,200
1bfc29,10.9.0.170,GET,http://ec-cube.himuka.ne.jp/ec922501/index.php/cart/buystep/TdKTZLuBFZDGJlx76yH4dJNUlWPPEzig_1,1729700953,,302
73cd04,10.9.0.170,GET,http://ec-cube.himuka.ne.jp/ec922501/index.php/shopping,1729700953,,302
d9d6ea,10.9.0.170,GET,http://ec-cube.himuka.ne.jp/ec922501/index.php/block/search_product,1729700954,3b6d71,200
b985cf,10.9.0.170,GET,http://ec-cube.himuka.ne.jp/ec922501/index.php/block/select_saiji,1729700954,3b6d71,200
bbc3c4,10.9.0.170,GET,http://ec-cube.himuka.ne.jp/ec922501/index.php/block/select_tenpo,1729700954,3b6d71,200
fe288f,10.9.0.170,GET,http://ec-cube.himuka.ne.jp/ec922501/index.php/block/search_product,1729700954,3b6d71,200
3b6d71,10.9.0.170,GET,http://ec-cube.himuka.ne.jp/ec922501/index.php/shopping/nonmember,1729700954,,200
1fd6df,123.176.243.13,GET,http://ec-cube.himuka.ne.jp/ec922501/index.php/adminmin/,1729704777,,302
a2870e,123.176.243.13,GET,http://ec-cube.himuka.ne.jp/ec922501/index.php/adminmin/login,1729704777,,200
36ef2b,123.176.243.13,GET,http://ec-cube.himuka.ne.jp/ec922501/index.php/_wdt/a2870e,1729704778,,302
420ec3,123.176.243.13,GET,http://ec-cube.himuka.ne.jp/ec922501/index.php/start,1729704780,,302
50de72,123.176.243.13,POST,http://ec-cube.himuka.ne.jp/ec922501/index.php/adminmin/login,1729704781,,302
6412f3,123.176.243.13,GET,http://ec-cube.himuka.ne.jp/ec922501/index.php/start/list_saiji,1729704781,,302
48d5b8,123.176.243.13,GET,http://ec-cube.himuka.ne.jp/ec922501/index.php/adminmin/,1729704782,,302
1a3c38,123.176.243.13,GET,http://ec-cube.himuka.ne.jp/ec922501/index.php/start,1729704783,,302
e0ebf3,123.176.243.13,GET,http://ec-cube.himuka.ne.jp/ec922501/index.php/block/search_product,1729704783,5b0d8f,200
964f66,123.176.243.13,GET,http://ec-cube.himuka.ne.jp/ec922501/index.php/block/select_saiji,1729704783,5b0d8f,200
874a2c,123.176.243.13,GET,http://ec-cube.himuka.ne.jp/ec922501/index.php/block/select_tenpo,1729704784,5b0d8f,200
c0515e,123.176.243.13,GET,http://ec-cube.himuka.ne.jp/ec922501/index.php/block/search_product,1729704784,5b0d8f,200
5b0d8f,123.176.243.13,GET,http://ec-cube.himuka.ne.jp/ec922501/index.php/start/list_saiji,1729704784,,200
37f874,123.176.243.13,GET,http://ec-cube.himuka.ne.jp/ec922501/index.php/adminmin/login,1729704784,,200
6766c9,123.176.243.13,POST,http://ec-cube.himuka.ne.jp/ec922501/index.php/adminmin/login,1729704788,,302
819dfc,123.176.243.13,GET,http://ec-cube.himuka.ne.jp/ec922501/index.php/adminmin/,1729704789,,200
